date,ret
2010-02-01T00:00:00.000000000,0.0533364281
2010-03-01T00:00:00.000000000,0.0152053606
2010-04-01T00:00:00.000000000,0.0124655273
2010-05-03T00:00:00.000000000,-0.0411862391
2010-06-01T00:00:00.000000000,-0.0238005769
2010-07-01T00:00:00.000000000,0.0058175512
2010-08-02T00:00:00.000000000,-0.1097890929
2010-09-01T00:00:00.000000000,-0.1131496381
2010-10-01T00:00:00.000000000,0.0444755586
2010-11-01T00:00:00.000000000,0.0321932447
2010-12-01T00:00:00.000000000,0.0317168171
2011-01-03T00:00:00.000000000,0.0224303733
2011-02-01T00:00:00.000000000,0.0254890042
2011-03-01T00:00:00.000000000,0.0377110565
2011-04-01T00:00:00.000000000,0.0014393271
2011-05-02T00:00:00.000000000,-0.0610608698
2011-06-01T00:00:00.000000000,0.0607447028
2011-07-01T00:00:00.000000000,0.0116907103
2011-08-01T00:00:00.000000000,0.0365697004
2011-09-01T00:00:00.000000000,0.0372549618
2011-10-03T00:00:00.000000000,-0.0201109408
2011-11-01T00:00:00.000000000,0.0177132260
2011-12-01T00:00:00.000000000,0.0210040365
2012-01-03T00:00:00.000000000,0.0479784040
2012-02-01T00:00:00.000000000,-0.0057060811
2012-03-01T00:00:00.000000000,0.0612606235
2012-04-02T00:00:00.000000000,0.0299943938
2012-05-01T00:00:00.000000000,0.0385457718
2012-06-01T00:00:00.000000000,-0.0054977203
2012-07-02T00:00:00.000000000,0.0773323485
2012-08-01T00:00:00.000000000,-0.0362534835
2012-09-04T00:00:00.000000000,0.0353802508
2012-10-01T00:00:00.000000000,0.0284817275
2012-11-01T00:00:00.000000000,0.0409845594
2012-12-03T00:00:00.000000000,0.0240214314
2013-01-02T00:00:00.000000000,-0.0162142926
2013-02-01T00:00:00.000000000,0.0528537416
2013-03-01T00:00:00.000000000,0.0040219163
2013-04-01T00:00:00.000000000,-0.0296206109
2013-05-01T00:00:00.000000000,0.0224499151
2013-06-03T00:00:00.000000000,0.0398849540
2013-07-01T00:00:00.000000000,-0.0392292530
2013-08-01T00:00:00.000000000,0.0601138104
2013-09-03T00:00:00.000000000,-0.0430300282
2013-10-01T00:00:00.000000000,0.0360996058
2013-11-01T00:00:00.000000000,0.0428603810
2013-12-02T00:00:00.000000000,0.0012722967
2014-01-02T00:00:00.000000000,0.0160136907
2014-02-03T00:00:00.000000000,0.0355686084
2014-03-03T00:00:00.000000000,-0.0029405288
2014-04-01T00:00:00.000000000,-0.0188876706
2014-05-01T00:00:00.000000000,0.0465992739
2014-06-02T00:00:00.000000000,-0.0154709784
2014-07-01T00:00:00.000000000,0.0193842399
2014-08-01T00:00:00.000000000,-0.0901217714
2014-09-02T00:00:00.000000000,-0.0262108721
2014-10-01T00:00:00.000000000,0.0468324245
2014-11-03T00:00:00.000000000,0.0155325176
2014-12-01T00:00:00.000000000,-0.0379070568
2015-01-02T00:00:00.000000000,-0.0325121517
2015-02-02T00:00:00.000000000,0.0135004176
2015-03-02T00:00:00.000000000,0.0645844485
2015-04-01T00:00:00.000000000,-0.0182668020
2015-05-01T00:00:00.000000000,-0.0017009392
2015-06-01T00:00:00.000000000,0.0636370403
2015-07-01T00:00:00.000000000,0.0068730079
2015-08-03T00:00:00.000000000,-0.0275061377
2015-09-01T00:00:00.000000000,0.0072344354
2015-10-01T00:00:00.000000000,-0.0203149468
2015-11-02T00:00:00.000000000,0.0649790206
2015-12-01T00:00:00.000000000,0.0327477612
2016-01-04T00:00:00.000000000,0.0092124077
2016-02-01T00:00:00.000000000,0.0451544447
2016-03-01T00:00:00.000000000,-0.0292554518
2016-04-01T00:00:00.000000000,0.0127452430
2016-05-02T00:00:00.000000000,0.0302924920
2016-06-01T00:00:00.000000000,-0.0212740697
2016-07-01T00:00:00.000000000,0.0341296713
2016-08-01T00:00:00.000000000,0.0197179381
2016-09-01T00:00:00.000000000,0.0263502868
2016-10-03T00:00:00.000000000,0.0346056207
2016-11-01T00:00:00.000000000,0.0032758929
2016-12-01T00:00:00.000000000,0.0101466680
2017-01-03T00:00:00.000000000,0.0431179376
2017-02-01T00:00:00.000000000,-0.0167893470
2017-03-01T00:00:00.000000000,-0.0301835802
2017-04-03T00:00:00.000000000,-0.0062788332
2017-05-01T00:00:00.000000000,0.0463364636
2017-06-01T00:00:00.000000000,0.0003805460
2017-07-03T00:00:00.000000000,0.0383830222
2017-08-01T00:00:00.000000000,0.0431836763
2017-09-01T00:00:00.000000000,0.0187380361
2017-10-02T00:00:00.000000000,-0.1035034415
2017-11-01T00:00:00.000000000,0.0188056525
2017-12-01T00:00:00.000000000,-0.1148760720
2018-01-02T00:00:00.000000000,0.0863310266
2018-02-01T00:00:00.000000000,0.0200250330
2018-03-01T00:00:00.000000000,0.0247249476
2018-04-02T00:00:00.000000000,-0.0041277029
2018-05-01T00:00:00.000000000,-0.0586684880
2018-06-01T00:00:00.000000000,0.0583048395
2018-07-02T00:00:00.000000000,0.0102105896
2018-08-01T00:00:00.000000000,0.0136039522
2018-09-04T00:00:00.000000000,0.0170415535
2018-10-01T00:00:00.000000000,0.0120815548
2018-11-01T00:00:00.000000000,0.0034243289
2018-12-03T00:00:00.000000000,0.0486818036
2019-01-02T00:00:00.000000000,-0.0062442001
2019-02-01T00:00:00.000000000,-0.0736112143
2019-03-01T00:00:00.000000000,-0.1803205704
2019-04-01T00:00:00.000000000,0.1700387791
2019-05-01T00:00:00.000000000,0.0873414308
2019-06-03T00:00:00.000000000,0.0439738753
2019-07-01T00:00:00.000000000,0.0729004962
2019-08-01T00:00:00.000000000,0.0360397846
2019-09-03T00:00:00.000000000,-0.0204948318
2019-10-01T00:00:00.000000000,-0.0223087245
2019-11-01T00:00:00.000000000,0.1138773210
2019-12-02T00:00:00.000000000,0.0363384257
2020-01-02T00:00:00.000000000,0.0661162166
2020-02-03T00:00:00.000000000,0.0117522536
2020-03-02T00:00:00.000000000,0.0082340808
2020-04-01T00:00:00.000000000,0.0179746097
2020-05-01T00:00:00.000000000,0.0558934639
2020-06-01T00:00:00.000000000,0.0187700269
2020-07-01T00:00:00.000000000,-0.0469804978
2020-08-03T00:00:00.000000000,0.0292332796
2020-09-01T00:00:00.000000000,0.0023049382
2020-10-01T00:00:00.000000000,0.0743885647
2020-11-02T00:00:00.000000000,0.0145205519
2020-12-01T00:00:00.000000000,0.0058339029
2021-01-04T00:00:00.000000000,-0.0543162797
2021-02-01T00:00:00.000000000,0.0385059183
2021-03-01T00:00:00.000000000,0.0508599596
2021-04-01T00:00:00.000000000,-0.0491914349
2021-05-03T00:00:00.000000000,0.0924613318
2021-06-01T00:00:00.000000000,-0.1175997382
2021-07-01T00:00:00.000000000,0.0450025777
2021-08-02T00:00:00.000000000,0.0201283036
2021-09-01T00:00:00.000000000,-0.0622717254
2021-10-01T00:00:00.000000000,0.1495850322
2021-11-01T00:00:00.000000000,0.0167763369
2021-12-01T00:00:00.000000000,-0.0351756820
2022-01-03T00:00:00.000000000,0.0445197778
2022-02-01T00:00:00.000000000,-0.0261970438
2022-03-01T00:00:00.000000000,-0.0172641069
2022-04-01T00:00:00.000000000,-0.0304813854
2022-05-02T00:00:00.000000000,0.0243705141
2022-06-01T00:00:00.000000000,0.0976434293
2022-07-01T00:00:00.000000000,0.0250170402
2022-08-01T00:00:00.000000000,-0.0121974613
2022-09-01T00:00:00.000000000,-0.0759886496
2022-10-03T00:00:00.000000000,-0.0470419112
2022-11-01T00:00:00.000000000,0.1004265871
2022-12-01T00:00:00.000000000,0.0644961260
2023-01-03T00:00:00.000000000,0.0114966285
2023-02-01T00:00:00.000000000,0.0714068673
2023-03-01T00:00:00.000000000,0.0325972448
2023-04-03T00:00:00.000000000,-0.0592802970
2023-05-01T00:00:00.000000000,0.0670194111
2023-06-01T00:00:00.000000000,-0.0091555879
2023-07-03T00:00:00.000000000,0.0300883277
2023-08-01T00:00:00.000000000,0.0179072187
2023-09-01T00:00:00.000000000,0.0129981716
2023-10-02T00:00:00.000000000,0.0202897549
2023-11-01T00:00:00.000000000,0.0704898012
2023-12-01T00:00:00.000000000,-0.0453932997
2024-01-02T00:00:00.000000000,0.0107945438
2024-02-01T00:00:00.000000000,0.0076822298
2024-03-01T00:00:00.000000000,-0.0318357395
2024-04-01T00:00:00.000000000,-0.0138926013
2024-05-01T00:00:00.000000000,0.0578681910
2024-06-03T00:00:00.000000000,0.0286550039
2024-07-01T00:00:00.000000000,0.0070713413
2024-08-01T00:00:00.000000000,0.0280586148
2024-09-03T00:00:00.000000000,0.0830160908
2024-10-01T00:00:00.000000000,0.0392438525
2024-11-01T00:00:00.000000000,-0.0276384002
2024-12-02T00:00:00.000000000,0.0399809244
2025-01-02T00:00:00.000000000,0.0802797321
2025-02-03T00:00:00.000000000,0.0876704221
2025-03-03T00:00:00.000000000,-0.0553945266
2025-04-01T00:00:00.000000000,0.0972352619
